{"SerializeProcessingTimeAverage":0.17756113899998796,"SerializeProcessingTimeMin":0.1506199999995715,"SerializeProcessingTimeMax":3.5336800000000266,"DeserializeProcessingTimeAverage":0.21978750800001262,"DeserializeProcessingTimeMin":0.19640000000363217,"DeserializeProcessingTimeMax":2.357100000002538,"SerializeGCAllocAverage":0.2311339151763916,"SerializeGCAllocMin":0.23091888427734375,"SerializeGCAllocMax":0.7309494018554688,"DeserializeGCAllocAverage":0.518034538269043,"DeserializeGCAllocMin":0.5108963012695312,"DeserializeGCAllocMax":1.0194656372070312,"WriteGCAllocAverage":0.0012358993530273436,"WriteGCAllocMin":0,"WriteGCAllocMax":0.06536407470703125,"ReadGCAllocAverage":0.3470660961914062,"ReadGCAllocMin":0.3463897705078125,"ReadGCAllocMax":2.3464263916015624,"WriteResponseTimeAverage":9.05249810299998,"WriteResponseTimeMin":0.24371999999275432,"WriteResponseTimeMax":68.80409999999975,"WriteResponseTimeMedian":0.3439399999999296,"WriteResponseTime90th":47.45726000000432,"WriteResponseTime95th":49.037079999999335,"WriteResponseTime99th":51.02529999999824,"ReadResponseTimeAverage":0.36514041400001895,"ReadResponseTimeMin":0.284619999997085,"ReadResponseTimeMax":1.7894200000009732,"ReadResponseTimeMedian":0.3478800000011688,"ReadResponseTime90th":0.42767999999632594,"ReadResponseTime95th":0.47990000000572763,"ReadResponseTime99th":0.599179999998887,"WriteThroughputPerSecond":111.65305004493851,"ReadThroughputPerSecond":2743.622688321501,"TotalTime":196299.74327999997,"TotalGCAlloc":21949.408979797365,"SerializedDataSize":121057.8}