{"SerializeProcessingTimeAverage":0.1770890299999587,"SerializeProcessingTimeMin":0.14990000000011605,"SerializeProcessingTimeMax":3.3489999999999327,"DeserializeProcessingTimeAverage":0.2135183200000247,"DeserializeProcessingTimeMin":0.194999999992433,"DeserializeProcessingTimeMax":1.893000000010943,"SerializeGCAllocAverage":0.2311041534423828,"SerializeGCAllocMin":0.23091888427734375,"SerializeGCAllocMax":0.7309494018554688,"DeserializeGCAllocAverage":0.5180266490936279,"DeserializeGCAllocMin":0.5109024047851562,"DeserializeGCAllocMax":1.0190048217773438,"WriteGCAllocAverage":0.0012654499053955078,"WriteGCAllocMin":0,"WriteGCAllocMax":0.0313262939453125,"ReadGCAllocAverage":0.3470765235900879,"ReadGCAllocMin":0.3463897705078125,"ReadGCAllocMax":2.3464279174804688,"WriteResponseTimeAverage":7.982943254999981,"WriteResponseTimeMin":0.24020000000018626,"WriteResponseTimeMax":63.32620000001043,"WriteResponseTimeMedian":0.333199999993667,"WriteResponseTime90th":47.04570000001695,"WriteResponseTime95th":48.997199999997974,"WriteResponseTime99th":50.17720000000554,"ReadResponseTimeAverage":0.3520151850000613,"ReadResponseTimeMin":0.29050000000279397,"ReadResponseTimeMax":1.3534999999974389,"ReadResponseTimeMedian":0.3364000000001397,"ReadResponseTime90th":0.400099999998929,"ReadResponseTime95th":0.45709999999962747,"ReadResponseTime99th":0.5778999999893131,"WriteThroughputPerSecond":125.26708108236484,"ReadThroughputPerSecond":2840.7865416369063,"TotalTime":174511.3158000005,"TotalGCAlloc":21949.455520629883,"SerializedDataSize":121058}