{"SerializeProcessingTimeAverage":0.17778198999996256,"SerializeProcessingTimeMin":0.14810000000579748,"SerializeProcessingTimeMax":3.7938000000001466,"DeserializeProcessingTimeAverage":0.21648385500011064,"DeserializeProcessingTimeMin":0.19210000000020955,"DeserializeProcessingTimeMax":2.054999999993015,"SerializeGCAllocAverage":0.23112354583740236,"SerializeGCAllocMin":0.23091888427734375,"SerializeGCAllocMax":0.7309494018554688,"DeserializeGCAllocAverage":0.5180535091400147,"DeserializeGCAllocMin":0.5108871459960938,"DeserializeGCAllocMax":1.0190048217773438,"WriteGCAllocAverage":0.0012213485717773437,"WriteGCAllocMin":0,"WriteGCAllocMax":0.06206512451171875,"ReadGCAllocAverage":0.3470953559875488,"ReadGCAllocMin":0.3463897705078125,"ReadGCAllocMax":2.3464279174804688,"WriteResponseTimeAverage":9.046853625000011,"WriteResponseTimeMin":0.23729999997885898,"WriteResponseTimeMax":76.94500000000698,"WriteResponseTimeMedian":0.3492999999998574,"WriteResponseTime90th":47.63379999999597,"WriteResponseTime95th":49.0541000000012,"WriteResponseTime99th":50.101299999980256,"ReadResponseTimeAverage":0.35715881499992175,"ReadResponseTimeMin":0.2798999999940861,"ReadResponseTimeMax":2.3105999999970663,"ReadResponseTimeMedian":0.3401000000012573,"ReadResponseTime90th":0.4165999999968335,"ReadResponseTime95th":0.4676000000035856,"ReadResponseTime99th":0.5562000000209082,"WriteThroughputPerSecond":110.53566703418382,"ReadThroughputPerSecond":2799.8748959905106,"TotalTime":195965.5657000001,"TotalGCAlloc":21949.875190734863,"SerializedDataSize":121057}