{"SerializeProcessingTimeAverage":0.178780170000114,"SerializeProcessingTimeMin":0.15069999999832362,"SerializeProcessingTimeMax":3.575999999999908,"DeserializeProcessingTimeAverage":0.22551554000006654,"DeserializeProcessingTimeMin":0.1999000000068918,"DeserializeProcessingTimeMax":2.0419000000110827,"SerializeGCAllocAverage":0.23116822967529296,"SerializeGCAllocMin":0.23091888427734375,"SerializeGCAllocMax":0.7309494018554688,"DeserializeGCAllocAverage":0.5180725658416748,"DeserializeGCAllocMin":0.5109024047851562,"DeserializeGCAllocMax":1.0217208862304688,"WriteGCAllocAverage":0.0011864513397216796,"WriteGCAllocMin":0,"WriteGCAllocMax":0.07765960693359375,"ReadGCAllocAverage":0.3470325927734375,"ReadGCAllocMin":0.3463897705078125,"ReadGCAllocMax":2.3464202880859375,"WriteResponseTimeAverage":10.667229524999973,"WriteResponseTimeMin":0.25759999998263083,"WriteResponseTimeMax":68.87589999999909,"WriteResponseTimeMedian":0.35370000000693835,"WriteResponseTime90th":47.83860000001732,"WriteResponseTime95th":49.100899999999456,"WriteResponseTime99th":54.274700000009034,"ReadResponseTimeAverage":0.3910404999999948,"ReadResponseTimeMin":0.2875999999960186,"ReadResponseTimeMax":1.713900000002468,"ReadResponseTimeMedian":0.36939999999594875,"ReadResponseTime90th":0.4781000000075437,"ReadResponseTime95th":0.5293999999994412,"ReadResponseTime99th":0.686199999996461,"WriteThroughputPerSecond":93.74505326395914,"ReadThroughputPerSecond":2557.2798725452053,"TotalTime":229251.31470000296,"TotalGCAlloc":21949.19679260254,"SerializedDataSize":121058}