{"SerializeProcessingTimeAverage":0.17930275499993767,"SerializeProcessingTimeMin":0.15309999999590218,"SerializeProcessingTimeMax":3.590900000000147,"DeserializeProcessingTimeAverage":0.22130514499987183,"DeserializeProcessingTimeMin":0.1987000000081025,"DeserializeProcessingTimeMax":2.00800000000163,"SerializeGCAllocAverage":0.23115092010498048,"SerializeGCAllocMin":0.23091888427734375,"SerializeGCAllocMax":0.7309494018554688,"DeserializeGCAllocAverage":0.5180292785644531,"DeserializeGCAllocMin":0.5109024047851562,"DeserializeGCAllocMax":1.018798828125,"WriteGCAllocAverage":0.0012126323699951172,"WriteGCAllocMin":0,"WriteGCAllocMax":0.0776824951171875,"ReadGCAllocAverage":0.3470345848083496,"ReadGCAllocMin":0.3463897705078125,"ReadGCAllocMax":2.3464279174804688,"WriteResponseTimeAverage":9.36285236999994,"WriteResponseTimeMin":0.24289999998291023,"WriteResponseTimeMax":68.08049999998184,"WriteResponseTimeMedian":0.3473999999987427,"WriteResponseTime90th":47.63869999999588,"WriteResponseTime95th":49.07459999999992,"WriteResponseTime99th":50.431400000001304,"ReadResponseTimeAverage":0.3753233000000677,"ReadResponseTimeMin":0.2888999999850057,"ReadResponseTimeMax":1.1759000000020023,"ReadResponseTimeMedian":0.3591000000014901,"ReadResponseTime90th":0.4426999999850523,"ReadResponseTime95th":0.4935000000114087,"ReadResponseTime99th":0.6327999999921303,"WriteThroughputPerSecond":106.80505902284203,"ReadThroughputPerSecond":2664.369624800325,"TotalTime":202775.67139999635,"TotalGCAlloc":21948.548316955566,"SerializedDataSize":121058}