{"SerializeProcessingTimeAverage":0.1748517499999669,"SerializeProcessingTimeMin":0.15129999999771826,"SerializeProcessingTimeMax":3.358699999999999,"DeserializeProcessingTimeAverage":0.22211467999998932,"DeserializeProcessingTimeMin":0.19630000001052395,"DeserializeProcessingTimeMax":3.7875999999960186,"SerializeGCAllocAverage":0.2311227268218994,"SerializeGCAllocMin":0.23091888427734375,"SerializeGCAllocMax":0.7309494018554688,"DeserializeGCAllocAverage":0.5179906887054443,"DeserializeGCAllocMin":0.5108871459960938,"DeserializeGCAllocMax":1.018798828125,"WriteGCAllocAverage":0.0012936145782470702,"WriteGCAllocMin":0,"WriteGCAllocMax":0.07808685302734375,"ReadGCAllocAverage":0.34709142379760743,"ReadGCAllocMin":0.3463897705078125,"ReadGCAllocMax":2.3464279174804688,"WriteResponseTimeAverage":8.202611739999986,"WriteResponseTimeMin":0.24060000001918525,"WriteResponseTimeMax":66.79290000000037,"WriteResponseTimeMedian":0.3361000000004424,"WriteResponseTime90th":47.12949999999546,"WriteResponseTime95th":48.958599999998114,"WriteResponseTime99th":50.141899999995076,"ReadResponseTimeAverage":0.3501642700000491,"ReadResponseTimeMin":0.27620000000752043,"ReadResponseTimeMax":2.3932000000058906,"ReadResponseTimeMedian":0.3344000000070082,"ReadResponseTime90th":0.4008999999932712,"ReadResponseTime95th":0.4519000000145752,"ReadResponseTime99th":0.5427999999956228,"WriteThroughputPerSecond":121.91238982134266,"ReadThroughputPerSecond":2855.8025066345567,"TotalTime":178994.84879999983,"TotalGCAlloc":21949.969078063965,"SerializedDataSize":121058}