{"SerializeProcessingTimeAverage":0.0774894280000497,"SerializeProcessingTimeMin":0.058400000003166495,"SerializeProcessingTimeMax":0.9547799999999824,"DeserializeProcessingTimeAverage":0.13184308800000233,"DeserializeProcessingTimeMin":0.11000000003259629,"DeserializeProcessingTimeMax":0.7059599999804049,"SerializeGCAllocAverage":0.13016804290771483,"SerializeGCAllocMin":0.1298065185546875,"SerializeGCAllocMax":0.6298294067382812,"DeserializeGCAllocAverage":0.4236375600433349,"DeserializeGCAllocMin":0.4183807373046875,"DeserializeGCAllocMax":0.4330841064453125,"WriteGCAllocAverage":1.0251708112335205,"WriteGCAllocMin":1.0215469360351563,"WriteGCAllocMax":1.0450912475585938,"ReadGCAllocAverage":0.15619947479248047,"ReadGCAllocMin":0.1454925537109375,"ReadGCAllocMax":2.159625244140625,"WriteResponseTimeAverage":53.0194844950001,"WriteResponseTimeMin":3.252820000005886,"WriteResponseTimeMax":412.02539999999715,"WriteResponseTimeMedian":49.26120000001974,"WriteResponseTime90th":68.77245999999286,"WriteResponseTime95th":73.6269800000182,"WriteResponseTime99th":87.46295999999856,"ReadResponseTimeAverage":1.088197221999918,"ReadResponseTimeMin":0.7292799999704584,"ReadResponseTimeMax":255.0109399999492,"ReadResponseTimeMedian":1.0084799999836833,"ReadResponseTime90th":1.265540000004694,"ReadResponseTime95th":1.3575600000098347,"ReadResponseTime99th":1.8890599999809639,"WriteThroughputPerSecond":18.862546875282323,"ReadThroughputPerSecond":919.6830185224453,"TotalTime":1086340.2846600015,"TotalGCAlloc":34703.51777954101,"SerializedDataSize":132.8916015625}