{"SerializeProcessingTimeAverage":0.08057324499981723,"SerializeProcessingTimeMin":0.0609000000404194,"SerializeProcessingTimeMax":0.9388000000003558,"DeserializeProcessingTimeAverage":0.12951825000012177,"DeserializeProcessingTimeMin":0.11080000002402812,"DeserializeProcessingTimeMax":0.8106999999145046,"SerializeGCAllocAverage":0.13017009162902832,"SerializeGCAllocMin":0.1298065185546875,"SerializeGCAllocMax":0.6298294067382812,"DeserializeGCAllocAverage":0.4236360843658447,"DeserializeGCAllocMin":0.41843414306640625,"DeserializeGCAllocMax":0.43304443359375,"WriteGCAllocAverage":1.0251751831054687,"WriteGCAllocMin":1.0215606689453125,"WriteGCAllocMax":1.0445709228515625,"ReadGCAllocAverage":0.1562283176422119,"ReadGCAllocMin":0.1454925537109375,"ReadGCAllocMax":2.1612014770507812,"WriteResponseTimeAverage":53.830278449999795,"WriteResponseTimeMin":3.2404000000096858,"WriteResponseTimeMax":312.87409999999363,"WriteResponseTimeMedian":49.0242000001017,"WriteResponseTime90th":69.65749999997206,"WriteResponseTime95th":74.65990000008605,"WriteResponseTime99th":89.58729999998468,"ReadResponseTimeAverage":1.0568422399997595,"ReadResponseTimeMin":0.7225999999791384,"ReadResponseTimeMax":308.6498999999603,"ReadResponseTimeMedian":0.9942999999038875,"ReadResponseTime90th":1.2582000000402331,"ReadResponseTime95th":1.3614999999990687,"ReadResponseTime99th":1.9464999999618158,"WriteThroughputPerSecond":18.576905577942515,"ReadThroughputPerSecond":946.2150188094561,"TotalTime":1101944.24369999,"TotalGCAlloc":34704.193534851074,"SerializedDataSize":132.8916015625}