{"SerializeProcessingTimeAverage":0.07580985999979917,"SerializeProcessingTimeMin":0.05619999999180436,"SerializeProcessingTimeMax":0.8057999999998628,"DeserializeProcessingTimeAverage":0.1322034899999562,"DeserializeProcessingTimeMin":0.11000000010244548,"DeserializeProcessingTimeMax":0.7384000000311062,"SerializeGCAllocAverage":0.13015950355529785,"SerializeGCAllocMin":0.1298065185546875,"SerializeGCAllocMax":0.6298294067382812,"DeserializeGCAllocAverage":0.42363427467346193,"DeserializeGCAllocMin":0.41843414306640625,"DeserializeGCAllocMax":0.432952880859375,"WriteGCAllocAverage":1.0251597473144531,"WriteGCAllocMin":1.0215606689453125,"WriteGCAllocMax":1.0439453125,"ReadGCAllocAverage":0.15619211463928223,"ReadGCAllocMin":0.1454925537109375,"ReadGCAllocMax":2.161163330078125,"WriteResponseTimeAverage":53.03075105999968,"WriteResponseTimeMin":3.2511999999405816,"WriteResponseTimeMax":431.15480000001844,"WriteResponseTimeMedian":49.18869999994058,"WriteResponseTime90th":68.93529999999737,"WriteResponseTime95th":73.92759999999544,"WriteResponseTime99th":88.41349999999511,"ReadResponseTimeAverage":1.0957127599999192,"ReadResponseTimeMin":0.7322999999159947,"ReadResponseTimeMax":311.1646999999648,"ReadResponseTimeMedian":1.0152000000234693,"ReadResponseTime90th":1.2847000000765547,"ReadResponseTime95th":1.3734999999869615,"ReadResponseTime99th":1.856099999975413,"WriteThroughputPerSecond":18.85698354278609,"ReadThroughputPerSecond":912.6479461643522,"TotalTime":1086689.543399987,"TotalGCAlloc":34702.9128036499,"SerializedDataSize":132.8916015625}