{"SerializeProcessingTimeAverage":0.0804913000003905,"SerializeProcessingTimeMin":0.0609000000404194,"SerializeProcessingTimeMax":1.0692999999998847,"DeserializeProcessingTimeAverage":0.13284274500020546,"DeserializeProcessingTimeMin":0.11049999995157123,"DeserializeProcessingTimeMax":0.666800000006333,"SerializeGCAllocAverage":0.13018494567871094,"SerializeGCAllocMin":0.1298065185546875,"SerializeGCAllocMax":0.6298294067382812,"DeserializeGCAllocAverage":0.4236403266906738,"DeserializeGCAllocMin":0.41841888427734375,"DeserializeGCAllocMax":0.43310546875,"WriteGCAllocAverage":1.0251787910461425,"WriteGCAllocMin":1.0215530395507812,"WriteGCAllocMax":1.0459747314453125,"ReadGCAllocAverage":0.15617703247070314,"ReadGCAllocMin":0.1454925537109375,"ReadGCAllocMax":2.1612014770507812,"WriteResponseTimeAverage":53.05797193500041,"WriteResponseTimeMin":3.2665999999735504,"WriteResponseTimeMax":386.6840000000084,"WriteResponseTimeMedian":49.49830000009388,"WriteResponseTime90th":69.21679999999469,"WriteResponseTime95th":74.08669999998529,"WriteResponseTime99th":87.47329999995418,"ReadResponseTimeAverage":1.0482337299999607,"ReadResponseTimeMin":0.7441999999573454,"ReadResponseTimeMax":22.624299999908544,"ReadResponseTimeMedian":1.0158999999985099,"ReadResponseTime90th":1.2577999999048188,"ReadResponseTime95th":1.3501999999862164,"ReadResponseTime99th":1.8813000000081956,"WriteThroughputPerSecond":18.84730915130091,"ReadThroughputPerSecond":953.9857108013855,"TotalTime":1086390.7942000194,"TotalGCAlloc":34703.62191772461,"SerializedDataSize":132.8916015625}