{"SerializeProcessingTimeAverage":0.07625552500038504,"SerializeProcessingTimeMin":0.0572999999858439,"SerializeProcessingTimeMax":1.0289999999999964,"DeserializeProcessingTimeAverage":0.1329208850000694,"DeserializeProcessingTimeMin":0.10990000003948808,"DeserializeProcessingTimeMax":0.640599999926053,"SerializeGCAllocAverage":0.13016107215881348,"SerializeGCAllocMin":0.1298065185546875,"SerializeGCAllocMax":0.6298294067382812,"DeserializeGCAllocAverage":0.4236469871520996,"DeserializeGCAllocMin":0.41827392578125,"DeserializeGCAllocMax":0.43320465087890625,"WriteGCAllocAverage":1.0251731929779053,"WriteGCAllocMin":1.0215301513671875,"WriteGCAllocMax":1.0445098876953125,"ReadGCAllocAverage":0.15619779510498047,"ReadGCAllocMin":0.1454925537109375,"ReadGCAllocMax":2.1533584594726562,"WriteResponseTimeAverage":52.848068125000395,"WriteResponseTimeMin":3.2678000000305474,"WriteResponseTimeMax":365.43169999998645,"WriteResponseTimeMedian":49.6304999999702,"WriteResponseTime90th":68.2101000000257,"WriteResponseTime95th":72.97600000002421,"WriteResponseTime99th":86.45000000006985,"ReadResponseTimeAverage":1.1226778799997643,"ReadResponseTimeMin":0.7209000000730157,"ReadResponseTimeMax":316.6805999999633,"ReadResponseTimeMedian":1.0124000000068918,"ReadResponseTime90th":1.2597999999998137,"ReadResponseTime95th":1.3481000000610948,"ReadResponseTime99th":1.8623000000370666,"WriteThroughputPerSecond":18.92216755463457,"ReadThroughputPerSecond":890.7274453471996,"TotalTime":1083598.4483000124,"TotalGCAlloc":34703.58094787598,"SerializedDataSize":132.8916015625}