{"SerializeProcessingTimeAverage":0.07431720999985653,"SerializeProcessingTimeMin":0.056699999957345426,"SerializeProcessingTimeMax":0.9309999999998126,"DeserializeProcessingTimeAverage":0.13173006999965872,"DeserializeProcessingTimeMin":0.10880000004544854,"DeserializeProcessingTimeMax":0.6733000000240281,"SerializeGCAllocAverage":0.13016460151672363,"SerializeGCAllocMin":0.1298065185546875,"SerializeGCAllocMax":0.6298294067382812,"DeserializeGCAllocAverage":0.4236301273345947,"DeserializeGCAllocMin":0.41834259033203125,"DeserializeGCAllocMax":0.43311309814453125,"WriteGCAllocAverage":1.0251671417236328,"WriteGCAllocMin":1.0215301513671875,"WriteGCAllocMax":1.0464553833007812,"ReadGCAllocAverage":0.1562021141052246,"ReadGCAllocMin":0.1454925537109375,"ReadGCAllocMax":2.1612014770507812,"WriteResponseTimeAverage":52.33035290500021,"WriteResponseTimeMin":3.2381000000750646,"WriteResponseTimeMax":563.982399999979,"WriteResponseTimeMedian":48.96429999999236,"WriteResponseTime90th":67.84259999997448,"WriteResponseTime95th":72.48469999999998,"WriteResponseTime99th":85.39069999998901,"ReadResponseTimeAverage":1.117519500000187,"ReadResponseTimeMin":0.726399999926798,"ReadResponseTimeMax":315.93519999994896,"ReadResponseTimeMedian":1.0045999999856576,"ReadResponseTime90th":1.267200000002049,"ReadResponseTime95th":1.3545000000158325,"ReadResponseTime99th":1.8990999999223277,"WriteThroughputPerSecond":19.109368549747522,"ReadThroughputPerSecond":894.8389714898333,"TotalTime":1073078.393699998,"TotalGCAlloc":34703.279693603516,"SerializedDataSize":132.8916015625}