{"SerializeProcessingTimeAverage":0.3177008559999956,"SerializeProcessingTimeMin":0.2665000000005421,"SerializeProcessingTimeMax":2.661959999999999,"DeserializeProcessingTimeAverage":0.37472261099999427,"DeserializeProcessingTimeMin":0.31833999999798834,"DeserializeProcessingTimeMax":2.1391599999988102,"SerializeGCAllocAverage":0.7069454736328126,"SerializeGCAllocMin":0.6989715576171875,"SerializeGCAllocMax":1.2097305297851562,"DeserializeGCAllocAverage":0.7243325595092773,"DeserializeGCAllocMin":0.7180267333984375,"DeserializeGCAllocMax":0.7470382690429688,"WriteGCAllocAverage":0.06084007362365723,"WriteGCAllocMin":0.0548828125,"WriteGCAllocMax":0.10009918212890626,"ReadGCAllocAverage":0.49071926261901855,"ReadGCAllocMin":0.481036376953125,"ReadGCAllocMax":2.487504577636719,"WriteResponseTimeAverage":2.6237299240000036,"WriteResponseTimeMin":0.6406399999992572,"WriteResponseTimeMax":124.78722000000053,"WriteResponseTimeMedian":1.0913999999995212,"WriteResponseTime90th":1.468720000000212,"WriteResponseTime95th":1.9493199999993522,"WriteResponseTime99th":48.91101999999864,"ReadResponseTimeAverage":1.0095813050000015,"ReadResponseTimeMin":0.7226400000014109,"ReadResponseTimeMax":250.30729999999895,"ReadResponseTimeMedian":0.8955400000035297,"ReadResponseTime90th":1.0875199999980396,"ReadResponseTime95th":1.3009200000029524,"ReadResponseTime99th":1.6225600000005216,"WriteThroughputPerSecond":382.3589625826761,"ReadThroughputPerSecond":990.6844124644207,"TotalTime":86514.6939199999,"TotalGCAlloc":39656.747387695315,"SerializedDataSize":134.6953125}