{"SerializeProcessingTimeAverage":0.3142993550000201,"SerializeProcessingTimeMin":0.2640000000010332,"SerializeProcessingTimeMax":2.844600000000014,"DeserializeProcessingTimeAverage":0.3594269750000047,"DeserializeProcessingTimeMin":0.3040999999939231,"DeserializeProcessingTimeMax":2.0984000000025844,"SerializeGCAllocAverage":0.7069457164764404,"SerializeGCAllocMin":0.698944091796875,"SerializeGCAllocMax":1.2089996337890625,"DeserializeGCAllocAverage":0.7243036212921142,"DeserializeGCAllocMin":0.7180252075195312,"DeserializeGCAllocMax":0.7379379272460938,"WriteGCAllocAverage":0.06084349594116211,"WriteGCAllocMin":0.05483245849609375,"WriteGCAllocMax":0.10968780517578125,"ReadGCAllocAverage":0.4907168727874756,"ReadGCAllocMin":0.481414794921875,"ReadGCAllocMax":2.4843673706054688,"WriteResponseTimeAverage":2.615954579999988,"WriteResponseTimeMin":0.6479999999937718,"WriteResponseTimeMax":59.843300000000454,"WriteResponseTimeMedian":1.0955999999987398,"WriteResponseTime90th":1.4515000000001237,"WriteResponseTime95th":1.943199999997887,"WriteResponseTime99th":48.835800000000745,"ReadResponseTimeAverage":1.0153957600000034,"ReadResponseTimeMin":0.7246999999988475,"ReadResponseTimeMax":351.33490000000165,"ReadResponseTimeMedian":0.9086999999999534,"ReadResponseTime90th":1.1220999999932246,"ReadResponseTime95th":1.3701000000000931,"ReadResponseTime99th":1.5702000000019325,"WriteThroughputPerSecond":382.2696340545808,"ReadThroughputPerSecond":984.8376755089037,"TotalTime":86101.53340000033,"TotalGCAlloc":39656.19412994385,"SerializedDataSize":134.6953125}