{"SerializeProcessingTimeAverage":0.316386810000041,"SerializeProcessingTimeMin":0.26499999999987267,"SerializeProcessingTimeMax":2.9729999999999563,"DeserializeProcessingTimeAverage":0.3874799549999447,"DeserializeProcessingTimeMin":0.3315999999977066,"DeserializeProcessingTimeMax":2.1656999999977415,"SerializeGCAllocAverage":0.7069586017608642,"SerializeGCAllocMin":0.6989974975585938,"SerializeGCAllocMax":1.2118911743164062,"DeserializeGCAllocAverage":0.724337733078003,"DeserializeGCAllocMin":0.718017578125,"DeserializeGCAllocMax":0.7463302612304688,"WriteGCAllocAverage":0.06082814407348633,"WriteGCAllocMin":0.054901123046875,"WriteGCAllocMax":0.09362030029296875,"ReadGCAllocAverage":0.49067430686950686,"ReadGCAllocMin":0.48241424560546875,"ReadGCAllocMax":2.4922103881835938,"WriteResponseTimeAverage":2.558254200000021,"WriteResponseTimeMin":0.6370000000024447,"WriteResponseTimeMax":63.32270000000062,"WriteResponseTimeMedian":1.0819999999985157,"WriteResponseTime90th":1.4703000000008615,"WriteResponseTime95th":1.9402000000009139,"WriteResponseTime99th":48.9975000000004,"ReadResponseTimeAverage":0.9848704800000007,"ReadResponseTimeMin":0.7067000000024564,"ReadResponseTimeMax":269.4401999999973,"ReadResponseTimeMedian":0.8690000000060536,"ReadResponseTime90th":1.0267999999996391,"ReadResponseTime95th":1.1244000000006054,"ReadResponseTime99th":1.5538000000015018,"WriteThroughputPerSecond":390.8915697275087,"ReadThroughputPerSecond":1015.3619387597031,"TotalTime":84939.82890000014,"TotalGCAlloc":39655.97571563721,"SerializedDataSize":134.6953125}