{"SerializeProcessingTimeAverage":0.30992904999996224,"SerializeProcessingTimeMin":0.26710000000002765,"SerializeProcessingTimeMax":2.199099999999987,"DeserializeProcessingTimeAverage":0.35831750500000636,"DeserializeProcessingTimeMin":0.3033999999970547,"DeserializeProcessingTimeMax":2.3258999999961816,"SerializeGCAllocAverage":0.7069389457702637,"SerializeGCAllocMin":0.698944091796875,"SerializeGCAllocMax":1.2039718627929688,"DeserializeGCAllocAverage":0.7243985794067382,"DeserializeGCAllocMin":0.718017578125,"DeserializeGCAllocMax":0.7385482788085938,"WriteGCAllocAverage":0.060857581329345704,"WriteGCAllocMin":0.054901123046875,"WriteGCAllocMax":0.1096649169921875,"ReadGCAllocAverage":0.49062201919555665,"ReadGCAllocMin":0.48143768310546875,"ReadGCAllocMax":2.4843673706054688,"WriteResponseTimeAverage":2.460901374999989,"WriteResponseTimeMin":0.6304999999993015,"WriteResponseTimeMax":339.3168000000005,"WriteResponseTimeMedian":1.0886000000000422,"WriteResponseTime90th":1.4320999999999913,"WriteResponseTime95th":1.7408000000000357,"WriteResponseTime99th":48.64779999999155,"ReadResponseTimeAverage":1.007344659999962,"ReadResponseTimeMin":0.7341999999989639,"ReadResponseTimeMax":26.107499999998254,"ReadResponseTimeMedian":0.9161999999996624,"ReadResponseTime90th":1.079700000002049,"ReadResponseTime95th":1.3146000000051572,"ReadResponseTime99th":1.6134000000020023,"WriteThroughputPerSecond":406.35517138512085,"ReadThroughputPerSecond":992.7088907187314,"TotalTime":82729.8517999984,"TotalGCAlloc":39656.342514038086,"SerializedDataSize":134.6953125}