{"SerializeProcessingTimeAverage":0.32657807500000163,"SerializeProcessingTimeMin":0.2676000000001295,"SerializeProcessingTimeMax":2.1428999999999974,"DeserializeProcessingTimeAverage":0.381007465000013,"DeserializeProcessingTimeMin":0.32110000000102445,"DeserializeProcessingTimeMax":1.8896999999997206,"SerializeGCAllocAverage":0.706930541229248,"SerializeGCAllocMin":0.698974609375,"SerializeGCAllocMax":1.2118988037109375,"DeserializeGCAllocAverage":0.7243468269348144,"DeserializeGCAllocMin":0.7180252075195312,"DeserializeGCAllocMax":0.7424697875976562,"WriteGCAllocAverage":0.0608461799621582,"WriteGCAllocMin":0.05487823486328125,"WriteGCAllocMax":0.0938720703125,"ReadGCAllocAverage":0.490785924911499,"ReadGCAllocMin":0.4784698486328125,"ReadGCAllocMax":2.4922103881835938,"WriteResponseTimeAverage":2.9119917600000345,"WriteResponseTimeMin":0.6477000000013504,"WriteResponseTimeMax":93.11609999999928,"WriteResponseTimeMedian":1.1029000000016822,"WriteResponseTime90th":1.515800000001036,"WriteResponseTime95th":2.086199999997916,"WriteResponseTime99th":49.361000000000786,"ReadResponseTimeAverage":1.0228096749999918,"ReadResponseTimeMin":0.7181000000055064,"ReadResponseTimeMax":438.96779999999853,"ReadResponseTimeMedian":0.8843000000051688,"ReadResponseTime90th":1.1089999999967404,"ReadResponseTime95th":1.3353000000061002,"ReadResponseTime99th":1.6037999999971362,"WriteThroughputPerSecond":343.40756513678747,"ReadThroughputPerSecond":977.6990034827429,"TotalTime":92847.73950000081,"TotalGCAlloc":39658.189460754395,"SerializedDataSize":134.6953125}