{"SerializeProcessingTimeAverage":0.32131098999995283,"SerializeProcessingTimeMin":0.2688000000016473,"SerializeProcessingTimeMax":3.1502000000000407,"DeserializeProcessingTimeAverage":0.3873811550000024,"DeserializeProcessingTimeMin":0.33150000000023283,"DeserializeProcessingTimeMax":2.216099999997823,"SerializeGCAllocAverage":0.7069535629272461,"SerializeGCAllocMin":0.6989974975585938,"SerializeGCAllocMax":1.2118911743164062,"DeserializeGCAllocAverage":0.7242760368347168,"DeserializeGCAllocMin":0.718048095703125,"DeserializeGCAllocMax":0.7699050903320312,"WriteGCAllocAverage":0.06082496681213379,"WriteGCAllocMin":0.054901123046875,"WriteGCAllocMax":0.09365081787109375,"ReadGCAllocAverage":0.4907971893310547,"ReadGCAllocMin":0.4814453125,"ReadGCAllocMax":2.4843673706054688,"WriteResponseTimeAverage":2.5715477049999858,"WriteResponseTimeMin":0.6399999999994179,"WriteResponseTimeMax":68.33720000000176,"WriteResponseTimeMedian":1.0878999999986263,"WriteResponseTime90th":1.4738999999990483,"WriteResponseTime95th":2.036200000000008,"WriteResponseTime99th":48.71299999999974,"ReadResponseTimeAverage":1.017485950000049,"ReadResponseTimeMin":0.7295000000012806,"ReadResponseTimeMax":165.686099999999,"ReadResponseTimeMedian":0.8995000000068103,"ReadResponseTime90th":1.0999999999985448,"ReadResponseTime95th":1.3602000000028056,"ReadResponseTime99th":1.771600000000035,"WriteThroughputPerSecond":388.8708726093827,"ReadThroughputPerSecond":982.8145538520231,"TotalTime":85954.5159999998,"TotalGCAlloc":39657.03511810303,"SerializedDataSize":134.6953125}