{"SerializeProcessingTimeAverage":0.1850847150001452,"SerializeProcessingTimeMin":0.1496799999848008,"SerializeProcessingTimeMax":4.004540000000043,"DeserializeProcessingTimeAverage":0.241757126000158,"DeserializeProcessingTimeMin":0.2047000000020489,"DeserializeProcessingTimeMax":2.203000000002794,"SerializeGCAllocAverage":0.2314026753234863,"SerializeGCAllocMin":0.23091583251953124,"SerializeGCAllocMax":0.7309494018554688,"DeserializeGCAllocAverage":0.5184695311737061,"DeserializeGCAllocMin":0.51097412109375,"DeserializeGCAllocMax":1.0191268920898438,"WriteGCAllocAverage":2.09630328125,"WriteGCAllocMin":2.092340087890625,"WriteGCAllocMax":2.1050979614257814,"ReadGCAllocAverage":0.26825400405883787,"ReadGCAllocMin":0.25424957275390625,"ReadGCAllocMax":2.2699554443359373,"WriteResponseTimeAverage":51.89081174899992,"WriteResponseTimeMin":4.079639999987558,"WriteResponseTimeMax":406.66534000000104,"WriteResponseTimeMedian":48.97715999998618,"WriteResponseTime90th":68.60964000000531,"WriteResponseTime95th":73.30583999999763,"WriteResponseTime99th":86.5149599999917,"ReadResponseTimeAverage":1.251922738999849,"ReadResponseTimeMin":0.8949200000148266,"ReadResponseTimeMax":314.0181799999671,"ReadResponseTimeMedian":1.133420000015758,"ReadResponseTime90th":1.4106200000038371,"ReadResponseTime95th":1.4901599999982864,"ReadResponseTime99th":1.7192600000184028,"WriteThroughputPerSecond":19.271612512087607,"ReadThroughputPerSecond":799.0705027157996,"TotalTime":1071391.5265800015,"TotalGCAlloc":62288.589836120605,"SerializedDataSize":118.220703125}