{"SerializeProcessingTimeAverage":0.18502092999991704,"SerializeProcessingTimeMin":0.14949999994132668,"SerializeProcessingTimeMax":3.923999999999978,"DeserializeProcessingTimeAverage":0.24051672000053803,"DeserializeProcessingTimeMin":0.2049000000115484,"DeserializeProcessingTimeMax":2.2481999999145046,"SerializeGCAllocAverage":0.2313663875579834,"SerializeGCAllocMin":0.2309112548828125,"SerializeGCAllocMax":0.7309494018554688,"DeserializeGCAllocAverage":0.5184930061340332,"DeserializeGCAllocMin":0.510955810546875,"DeserializeGCAllocMax":1.0191268920898438,"WriteGCAllocAverage":2.0963150199890137,"WriteGCAllocMin":2.0923385620117188,"WriteGCAllocMax":2.1063156127929688,"ReadGCAllocAverage":0.2682771682739258,"ReadGCAllocMin":0.25424957275390625,"ReadGCAllocMax":2.2699203491210938,"WriteResponseTimeAverage":51.75792291499986,"WriteResponseTimeMin":4.075499999918975,"WriteResponseTimeMax":549.6370999999999,"WriteResponseTimeMedian":49.88850000000093,"WriteResponseTime90th":68.26699999999255,"WriteResponseTime95th":72.96480000001611,"WriteResponseTime99th":86.31990000000224,"ReadResponseTimeAverage":1.2378862200000906,"ReadResponseTimeMin":0.8937000000150874,"ReadResponseTimeMax":316.14869999990333,"ReadResponseTimeMedian":1.1286000000545755,"ReadResponseTime90th":1.417699999990873,"ReadResponseTime95th":1.497800000011921,"ReadResponseTime99th":1.709000000031665,"WriteThroughputPerSecond":19.3207135000812,"ReadThroughputPerSecond":807.828687195441,"TotalTime":1068426.9357000082,"TotalGCAlloc":62289.03163909912,"SerializedDataSize":118.220703125}