{"SerializeProcessingTimeAverage":0.18410919000036088,"SerializeProcessingTimeMin":0.14969999995082617,"SerializeProcessingTimeMax":4.020200000000159,"DeserializeProcessingTimeAverage":0.24080278500042623,"DeserializeProcessingTimeMin":0.1996999999973923,"DeserializeProcessingTimeMax":2.4230000000679865,"SerializeGCAllocAverage":0.23143704795837403,"SerializeGCAllocMin":0.2309112548828125,"SerializeGCAllocMax":0.7309494018554688,"DeserializeGCAllocAverage":0.5184573173522949,"DeserializeGCAllocMin":0.5108642578125,"DeserializeGCAllocMax":1.0191268920898438,"WriteGCAllocAverage":2.096313148880005,"WriteGCAllocMin":2.0923309326171875,"WriteGCAllocMax":2.1063156127929688,"ReadGCAllocAverage":0.26827338104248044,"ReadGCAllocMin":0.25424957275390625,"ReadGCAllocMax":2.26995849609375,"WriteResponseTimeAverage":51.98378692999967,"WriteResponseTimeMin":4.009199999971315,"WriteResponseTimeMax":484.56140000000596,"WriteResponseTimeMedian":48.686599999899045,"WriteResponseTime90th":68.49180000001797,"WriteResponseTime95th":73.25660000000062,"WriteResponseTime99th":86.65169999998761,"ReadResponseTimeAverage":1.2432461199998448,"ReadResponseTimeMin":0.9002999999793246,"ReadResponseTimeMax":311.97509999992326,"ReadResponseTimeMedian":1.143999999971129,"ReadResponseTime90th":1.4113999999826774,"ReadResponseTime95th":1.4860999999800697,"ReadResponseTime99th":1.7134999999543652,"WriteThroughputPerSecond":19.236767058671198,"ReadThroughputPerSecond":804.3459649004373,"TotalTime":1073038.900500006,"TotalGCAlloc":62289.617904663086,"SerializedDataSize":118.220703125}