{"SerializeProcessingTimeAverage":0.1842776450001541,"SerializeProcessingTimeMin":0.14890000002924353,"SerializeProcessingTimeMax":4.057499999999891,"DeserializeProcessingTimeAverage":0.24444266999999528,"DeserializeProcessingTimeMin":0.20609999995213002,"DeserializeProcessingTimeMax":2.081499999971129,"SerializeGCAllocAverage":0.23140985450744628,"SerializeGCAllocMin":0.23091888427734375,"SerializeGCAllocMax":0.7309494018554688,"DeserializeGCAllocAverage":0.51847300491333,"DeserializeGCAllocMin":0.511260986328125,"DeserializeGCAllocMax":1.0191268920898438,"WriteGCAllocAverage":2.0962876140594484,"WriteGCAllocMin":2.0923385620117188,"WriteGCAllocMax":2.1063156127929688,"ReadGCAllocAverage":0.26822387199401854,"ReadGCAllocMin":0.25424957275390625,"ReadGCAllocMax":2.2699661254882812,"WriteResponseTimeAverage":51.70422814,"WriteResponseTimeMin":4.194699999992736,"WriteResponseTimeMax":419.84389999999985,"WriteResponseTimeMedian":48.57709999999497,"WriteResponseTime90th":68.71500000002561,"WriteResponseTime95th":73.34499999997206,"WriteResponseTime99th":86.3236999999499,"ReadResponseTimeAverage":1.221402929999592,"ReadResponseTimeMin":0.9013000000268221,"ReadResponseTimeMax":309.6563000000315,"ReadResponseTimeMedian":1.1395000000484288,"ReadResponseTime90th":1.4015000000363216,"ReadResponseTime95th":1.478099999949336,"ReadResponseTime99th":1.7034000001149252,"WriteThroughputPerSecond":19.34077803641689,"ReadThroughputPerSecond":818.7306378905887,"TotalTime":1067087.0276999949,"TotalGCAlloc":62287.88690948486,"SerializedDataSize":118.220703125}