{"SerializeProcessingTimeAverage":0.18826550000011222,"SerializeProcessingTimeMin":0.1513000000268221,"SerializeProcessingTimeMax":4.298200000000179,"DeserializeProcessingTimeAverage":0.24174304499960853,"DeserializeProcessingTimeMin":0.20709999999962747,"DeserializeProcessingTimeMax":1.9457000000402331,"SerializeGCAllocAverage":0.23141003227233886,"SerializeGCAllocMin":0.23091888427734375,"SerializeGCAllocMax":0.7309494018554688,"DeserializeGCAllocAverage":0.5184729690551758,"DeserializeGCAllocMin":0.510894775390625,"DeserializeGCAllocMax":1.0191268920898438,"WriteGCAllocAverage":2.096314540863037,"WriteGCAllocMin":2.0923385620117188,"WriteGCAllocMax":2.1063156127929688,"ReadGCAllocAverage":0.26829030685424804,"ReadGCAllocMin":0.25424957275390625,"ReadGCAllocMax":2.2699661254882812,"WriteResponseTimeAverage":52.302722729999715,"WriteResponseTimeMin":4.074200000031851,"WriteResponseTimeMax":308.0854999999865,"WriteResponseTimeMedian":49.13530000008177,"WriteResponseTime90th":69.00909999999567,"WriteResponseTime95th":73.78369999999995,"WriteResponseTime99th":86.76179999999295,"ReadResponseTimeAverage":1.265528865000239,"ReadResponseTimeMin":0.8993999999947846,"ReadResponseTimeMax":315.6078999999445,"ReadResponseTimeMedian":1.1436000000685453,"ReadResponseTime90th":1.4144000000087544,"ReadResponseTime95th":1.4949999999953434,"ReadResponseTime99th":1.7163999999174848,"WriteThroughputPerSecond":19.11946353466646,"ReadThroughputPerSecond":790.1834779563177,"TotalTime":1079965.2027999936,"TotalGCAlloc":62289.756980895996,"SerializedDataSize":118.220703125}