{"SerializeProcessingTimeAverage":0.18375031000018177,"SerializeProcessingTimeMin":0.1489999999757856,"SerializeProcessingTimeMax":3.7228000000000065,"DeserializeProcessingTimeAverage":0.24128041000022205,"DeserializeProcessingTimeMin":0.20570000004954636,"DeserializeProcessingTimeMax":2.3166000000201166,"SerializeGCAllocAverage":0.23139005432128906,"SerializeGCAllocMin":0.23091888427734375,"SerializeGCAllocMax":0.7309494018554688,"DeserializeGCAllocAverage":0.5184513584136963,"DeserializeGCAllocMin":0.510894775390625,"DeserializeGCAllocMax":1.0191268920898438,"WriteGCAllocAverage":2.096286082458496,"WriteGCAllocMin":2.0923538208007812,"WriteGCAllocMax":2.1002273559570312,"ReadGCAllocAverage":0.2682052921295166,"ReadGCAllocMin":0.25424957275390625,"ReadGCAllocMax":2.2699661254882812,"WriteResponseTimeAverage":51.705398030000374,"WriteResponseTimeMin":4.0446000000229105,"WriteResponseTimeMax":271.19880000001285,"WriteResponseTimeMedian":48.59829999995418,"WriteResponseTime90th":68.56529999999475,"WriteResponseTime95th":73.17909999999938,"WriteResponseTime99th":86.5177000000258,"ReadResponseTimeAverage":1.2915495599994786,"ReadResponseTimeMin":0.8799000000581145,"ReadResponseTimeMax":316.70290000003297,"ReadResponseTimeMedian":1.1113999999361113,"ReadResponseTime90th":1.4081000000005588,"ReadResponseTime95th":1.4938000000547618,"ReadResponseTime99th":1.7540000000735745,"WriteThroughputPerSecond":19.34034043060229,"ReadThroughputPerSecond":774.2637456362137,"TotalTime":1068439.5662000051,"TotalGCAlloc":62286.65574645996,"SerializedDataSize":118.220703125}