{"SerializeProcessingTimeAverage":0.18336773500004372,"SerializeProcessingTimeMin":0.15214999999886913,"SerializeProcessingTimeMax":3.369850000000042,"DeserializeProcessingTimeAverage":0.22972261499997915,"DeserializeProcessingTimeMin":0.20225000000209548,"DeserializeProcessingTimeMax":1.9967000000033295,"SerializeGCAllocAverage":0.2311372495651245,"SerializeGCAllocMin":0.23091888427734375,"SerializeGCAllocMax":0.7309494018554688,"DeserializeGCAllocAverage":0.51807623462677,"DeserializeGCAllocMin":0.511016845703125,"DeserializeGCAllocMax":1.0161094665527344,"WriteGCAllocAverage":0.003824292945861817,"WriteGCAllocMin":0,"WriteGCAllocMax":0.0933685302734375,"ReadGCAllocAverage":0.3485800941467285,"ReadGCAllocMin":0.3463897705078125,"ReadGCAllocMax":2.3464279174804688,"WriteResponseTimeAverage":8.869161449999865,"WriteResponseTimeMin":0.3188499999996566,"WriteResponseTimeMax":68.75734999999986,"WriteResponseTimeMedian":0.44239999999990687,"WriteResponseTime90th":46.697650000001886,"WriteResponseTime95th":48.771850000000995,"WriteResponseTime99th":51.478299999998626,"ReadResponseTimeAverage":0.4419607474999342,"ReadResponseTimeMin":0.30724999999802094,"ReadResponseTimeMax":7.297850000017206,"ReadResponseTimeMedian":0.4271500000031665,"ReadResponseTime90th":0.5247500000114087,"ReadResponseTime95th":0.5776999999943655,"ReadResponseTime99th":0.6802499999903375,"WriteThroughputPerSecond":0.10291918910756018,"ReadThroughputPerSecond":0.10291918910756018,"TotalTime":194484.25094999644,"TotalGCAlloc":22032.357425689697,"SerializedDataSize":121058}