{"SerializeProcessingTimeAverage":0.18448386000004025,"SerializeProcessingTimeMin":0.15129999999771826,"SerializeProcessingTimeMax":3.3448000000000775,"DeserializeProcessingTimeAverage":0.2289292700000231,"DeserializeProcessingTimeMin":0.2024000000092201,"DeserializeProcessingTimeMax":1.899199999999837,"SerializeGCAllocAverage":0.231163285446167,"SerializeGCAllocMin":0.23091888427734375,"SerializeGCAllocMax":0.7309494018554688,"DeserializeGCAllocAverage":0.5182068801879883,"DeserializeGCAllocMin":0.5109024047851562,"DeserializeGCAllocMax":1.0160903930664062,"WriteGCAllocAverage":0.0035521682739257814,"WriteGCAllocMin":0,"WriteGCAllocMax":0.0933685302734375,"ReadGCAllocAverage":0.34819936294555665,"ReadGCAllocMin":0.3463897705078125,"ReadGCAllocMax":2.3464279174804688,"WriteResponseTimeAverage":8.589716979999874,"WriteResponseTimeMin":0.30930000000080327,"WriteResponseTimeMax":66.07660000000033,"WriteResponseTimeMedian":0.43210000000544824,"WriteResponseTime90th":46.31450000000768,"WriteResponseTime95th":48.652399999999034,"WriteResponseTime99th":51.25660000000016,"ReadResponseTimeAverage":0.4447680099999932,"ReadResponseTimeMin":0.3050999999977648,"ReadResponseTimeMax":9.09210000000894,"ReadResponseTimeMedian":0.42770000000018626,"ReadResponseTime90th":0.5359000000171363,"ReadResponseTime95th":0.5908000000054017,"ReadResponseTime99th":0.7051999999966938,"WriteThroughputPerSecond":0.10584364768742947,"ReadThroughputPerSecond":0.10584364768742947,"TotalTime":188957.96239999862,"TotalGCAlloc":22022.433937072754,"SerializedDataSize":121058}