{"SerializeProcessingTimeAverage":0.18225161000004717,"SerializeProcessingTimeMin":0.15300000000002,"SerializeProcessingTimeMax":3.394900000000007,"DeserializeProcessingTimeAverage":0.23051595999993515,"DeserializeProcessingTimeMin":0.20209999999497086,"DeserializeProcessingTimeMax":2.094200000006822,"SerializeGCAllocAverage":0.23111121368408202,"SerializeGCAllocMin":0.23091888427734375,"SerializeGCAllocMax":0.7309494018554688,"DeserializeGCAllocAverage":0.5179455890655518,"DeserializeGCAllocMin":0.5111312866210938,"DeserializeGCAllocMax":1.0161285400390625,"WriteGCAllocAverage":0.004096417617797852,"WriteGCAllocMin":0,"WriteGCAllocMax":0.0933685302734375,"ReadGCAllocAverage":0.3489608253479004,"ReadGCAllocMin":0.3463897705078125,"ReadGCAllocMax":2.3464279174804688,"WriteResponseTimeAverage":9.148605919999854,"WriteResponseTimeMin":0.3283999999985099,"WriteResponseTimeMax":71.4380999999994,"WriteResponseTimeMedian":0.4526999999943655,"WriteResponseTime90th":47.08079999999609,"WriteResponseTime95th":48.89130000000296,"WriteResponseTime99th":51.69999999999709,"ReadResponseTimeAverage":0.4391534849998752,"ReadResponseTimeMin":0.30939999999827705,"ReadResponseTimeMax":5.503600000025472,"ReadResponseTimeMedian":0.42660000000614673,"ReadResponseTime90th":0.5136000000056811,"ReadResponseTime95th":0.5645999999833293,"ReadResponseTime99th":0.6552999999839813,"WriteThroughputPerSecond":0.0999947305276909,"ReadThroughputPerSecond":0.0999947305276909,"TotalTime":200010.53949999425,"TotalGCAlloc":22042.28091430664,"SerializedDataSize":121058}