{"SerializeProcessingTimeAverage":0.0758908669999325,"SerializeProcessingTimeMin":0.05622000000148546,"SerializeProcessingTimeMax":0.826900000000046,"DeserializeProcessingTimeAverage":0.12241578700003622,"DeserializeProcessingTimeMin":0.10510000000940636,"DeserializeProcessingTimeMax":0.7714199999929405,"SerializeGCAllocAverage":0.1299086071777344,"SerializeGCAllocMin":0.1298065185546875,"SerializeGCAllocMax":0.6298294067382812,"DeserializeGCAllocAverage":0.42230504371643074,"DeserializeGCAllocMin":0.4183441162109375,"DeserializeGCAllocMax":0.43325653076171877,"WriteGCAllocAverage":0.00046082954406738284,"WriteGCAllocMin":0,"WriteGCAllocMax":0.07925567626953126,"ReadGCAllocAverage":0.13032202346801755,"ReadGCAllocMin":0.1298065185546875,"ReadGCAllocMax":2.1298294067382812,"WriteResponseTimeAverage":20.815601893,"WriteResponseTimeMin":0.24397999999346212,"WriteResponseTimeMax":60.32652000000744,"WriteResponseTimeMedian":0.49571999999716354,"WriteResponseTime90th":48.890060000011,"WriteResponseTime95th":49.67764000000098,"WriteResponseTime99th":54.419980000000216,"ReadResponseTimeAverage":0.38549893500002597,"ReadResponseTimeMin":0.2804000000003725,"ReadResponseTimeMax":62.95727999999654,"ReadResponseTimeMedian":0.3511400000017602,"ReadResponseTime90th":0.5022200000006706,"ReadResponseTime95th":0.5360800000140443,"ReadResponseTime99th":0.664139999996405,"WriteThroughputPerSecond":48.40567489853094,"ReadThroughputPerSecond":2597.231660768985,"TotalTime":427988.14963999984,"TotalGCAlloc":13659.930078125,"SerializedDataSize":136081}