{"SerializeProcessingTimeAverage":0.07466347999994728,"SerializeProcessingTimeMin":0.05680000002030283,"SerializeProcessingTimeMax":0.9096000000001823,"DeserializeProcessingTimeAverage":0.11845952500023123,"DeserializeProcessingTimeMin":0.10300000000279397,"DeserializeProcessingTimeMax":0.7747000000090338,"SerializeGCAllocAverage":0.12988864135742187,"SerializeGCAllocMin":0.1298065185546875,"SerializeGCAllocMax":0.6298294067382812,"DeserializeGCAllocAverage":0.4223603759765625,"DeserializeGCAllocMin":0.4183349609375,"DeserializeGCAllocMax":0.4333343505859375,"WriteGCAllocAverage":0.0004235443115234375,"WriteGCAllocMin":0,"WriteGCAllocMax":0.0776824951171875,"ReadGCAllocAverage":0.13042180366516112,"ReadGCAllocMin":0.1298065185546875,"ReadGCAllocMax":2.1298294067382812,"WriteResponseTimeAverage":17.63600274999995,"WriteResponseTimeMin":0.2355000000097789,"WriteResponseTimeMax":60.19830000000002,"WriteResponseTimeMedian":0.4145000000135042,"WriteResponseTime90th":48.6309000000183,"WriteResponseTime95th":49.596599999997125,"WriteResponseTime99th":53.90730000002077,"ReadResponseTimeAverage":0.38397277000004687,"ReadResponseTimeMin":0.27900000000954606,"ReadResponseTimeMax":302.53270000003977,"ReadResponseTimeMedian":0.3396000000066124,"ReadResponseTime90th":0.48810000001685694,"ReadResponseTime95th":0.5181000000156928,"ReadResponseTime99th":0.6352999999944586,"WriteThroughputPerSecond":56.7021912037297,"ReadThroughputPerSecond":2604.3513450182363,"TotalTime":364261.97050000355,"TotalGCAlloc":13661.887306213379,"SerializedDataSize":136081}