{"SerializeProcessingTimeAverage":0.07761559500011056,"SerializeProcessingTimeMin":0.05620000000635628,"SerializeProcessingTimeMax":0.7151000000000067,"DeserializeProcessingTimeAverage":0.13129162999991967,"DeserializeProcessingTimeMin":0.11000000004423782,"DeserializeProcessingTimeMax":1.246999999973923,"SerializeGCAllocAverage":0.1299394302368164,"SerializeGCAllocMin":0.1298065185546875,"SerializeGCAllocMax":0.6298294067382812,"DeserializeGCAllocAverage":0.4222807525634766,"DeserializeGCAllocMin":0.4183502197265625,"DeserializeGCAllocMax":0.43325042724609375,"WriteGCAllocAverage":0.0005510631561279297,"WriteGCAllocMin":0,"WriteGCAllocMax":0.0776824951171875,"ReadGCAllocAverage":0.13022592849731446,"ReadGCAllocMin":0.1298065185546875,"ReadGCAllocMax":2.1298294067382812,"WriteResponseTimeAverage":22.22034109000016,"WriteResponseTimeMin":0.2525999999488704,"WriteResponseTimeMax":60.08990000002086,"WriteResponseTimeMedian":0.5443999999988591,"WriteResponseTime90th":48.82250000000931,"WriteResponseTime95th":49.413100000005215,"WriteResponseTime99th":54.385299999965355,"ReadResponseTimeAverage":0.41149091999983356,"ReadResponseTimeMin":0.29129999998258427,"ReadResponseTimeMax":3.129000000015367,"ReadResponseTimeMedian":0.37640000000828877,"ReadResponseTime90th":0.5345000000088476,"ReadResponseTime95th":0.5754000000015367,"ReadResponseTime99th":0.7063000000198372,"WriteThroughputPerSecond":45.00380961523722,"ReadThroughputPerSecond":2430.1872809256747,"TotalTime":456814.7847000005,"TotalGCAlloc":13659.943489074707,"SerializedDataSize":136081}