{"SerializeProcessingTimeAverage":0.07509096999986423,"SerializeProcessingTimeMin":0.0557000000262633,"SerializeProcessingTimeMax":0.8441000000000258,"DeserializeProcessingTimeAverage":0.11897944500001467,"DeserializeProcessingTimeMin":0.10269999998854473,"DeserializeProcessingTimeMax":0.6008999999903608,"SerializeGCAllocAverage":0.12988824920654296,"SerializeGCAllocMin":0.1298065185546875,"SerializeGCAllocMax":0.6298294067382812,"DeserializeGCAllocAverage":0.4223172889709473,"DeserializeGCAllocMin":0.4183349609375,"DeserializeGCAllocMax":0.4332427978515625,"WriteGCAllocAverage":0.0004470882415771484,"WriteGCAllocMin":0,"WriteGCAllocMax":0.08554840087890625,"ReadGCAllocAverage":0.13034929809570311,"ReadGCAllocMin":0.1298065185546875,"ReadGCAllocMax":2.1298294067382812,"WriteResponseTimeAverage":20.46130675999977,"WriteResponseTimeMin":0.2347000000299886,"WriteResponseTimeMax":60.53889999999956,"WriteResponseTimeMedian":0.47579999998561107,"WriteResponseTime90th":49.101800000004005,"WriteResponseTime95th":49.79790000000139,"WriteResponseTime99th":54.485899999999674,"ReadResponseTimeAverage":0.37063391499999854,"ReadResponseTimeMin":0.2823000000207685,"ReadResponseTimeMax":2.585899999976391,"ReadResponseTimeMedian":0.34220000001369044,"ReadResponseTime90th":0.4895999999716878,"ReadResponseTime95th":0.5201000000233762,"ReadResponseTime99th":0.6464999999734573,"WriteThroughputPerSecond":48.87273387420791,"ReadThroughputPerSecond":2698.0801257758726,"TotalTime":420520.2217999929,"TotalGCAlloc":13660.03849029541,"SerializedDataSize":136081}