{"SerializeProcessingTimeAverage":0.07756645500001642,"SerializeProcessingTimeMin":0.056699999957345426,"SerializeProcessingTimeMax":0.9097000000001572,"DeserializeProcessingTimeAverage":0.12281688500008313,"DeserializeProcessingTimeMin":0.10690000001341105,"DeserializeProcessingTimeMax":0.6291999999957625,"SerializeGCAllocAverage":0.1299390380859375,"SerializeGCAllocMin":0.1298065185546875,"SerializeGCAllocMax":0.6298294067382812,"DeserializeGCAllocAverage":0.4223097053527832,"DeserializeGCAllocMin":0.4183502197265625,"DeserializeGCAllocMax":0.4332275390625,"WriteGCAllocAverage":0.00043664588928222657,"WriteGCAllocMin":0,"WriteGCAllocMax":0.0776824951171875,"ReadGCAllocAverage":0.1302915538787842,"ReadGCAllocMin":0.1298065185546875,"ReadGCAllocMax":2.1298294067382812,"WriteResponseTimeAverage":22.35303724000015,"WriteResponseTimeMin":0.2525000000023283,"WriteResponseTimeMax":60.37569999997504,"WriteResponseTimeMedian":0.5509000000001834,"WriteResponseTime90th":49.02030000000377,"WriteResponseTime95th":49.77880000000005,"WriteResponseTime99th":54.68450000003213,"ReadResponseTimeAverage":0.3796625400001387,"ReadResponseTimeMin":0.26759999999194406,"ReadResponseTimeMax":2.6757999999972526,"ReadResponseTimeMedian":0.3486999999731779,"ReadResponseTime90th":0.49930000002495944,"ReadResponseTime95th":0.5377999999909662,"ReadResponseTime99th":0.6724000000103842,"WriteThroughputPerSecond":44.73664984597831,"ReadThroughputPerSecond":2633.9180051833264,"TotalTime":458661.6624000077,"TotalGCAlloc":13659.538864135742,"SerializedDataSize":136081}