{"SerializeProcessingTimeAverage":0.0745178349997241,"SerializeProcessingTimeMin":0.055699999997159466,"SerializeProcessingTimeMax":0.7559999999998581,"DeserializeProcessingTimeAverage":0.12053144999993237,"DeserializeProcessingTimeMin":0.10289999999804422,"DeserializeProcessingTimeMax":0.6052999999956228,"SerializeGCAllocAverage":0.1298876770019531,"SerializeGCAllocMin":0.1298065185546875,"SerializeGCAllocMax":0.6298294067382812,"DeserializeGCAllocAverage":0.42225709571838377,"DeserializeGCAllocMin":0.4183502197265625,"DeserializeGCAllocMax":0.4332275390625,"WriteGCAllocAverage":0.00044580612182617185,"WriteGCAllocMin":0,"WriteGCAllocMax":0.0776824951171875,"ReadGCAllocAverage":0.130321533203125,"ReadGCAllocMin":0.1298065185546875,"ReadGCAllocMax":2.1298294067382812,"WriteResponseTimeAverage":21.407321624999966,"WriteResponseTimeMin":0.2445999999763444,"WriteResponseTimeMax":60.42980000004172,"WriteResponseTimeMedian":0.49299999998766,"WriteResponseTime90th":48.874800000019604,"WriteResponseTime95th":49.801800000001094,"WriteResponseTime99th":54.63689999998314,"ReadResponseTimeAverage":0.38173453000011215,"ReadResponseTimeMin":0.28179999999701977,"ReadResponseTimeMax":3.8629999999538995,"ReadResponseTimeMedian":0.3488000000070315,"ReadResponseTime90th":0.499599999981001,"ReadResponseTime95th":0.5290000000386499,"ReadResponseTime99th":0.6601999999838881,"WriteThroughputPerSecond":46.712989953501555,"ReadThroughputPerSecond":2619.621546941814,"TotalTime":439682.1087999947,"TotalGCAlloc":13658.242240905762,"SerializedDataSize":136081}